"Reference","Qty","Value","DNP","Exclude from BOM","Exclude from Board","Footprint","Datasheet"
"C1,C2,C3,C4,C5","5","22uF","","","","Capacitor_SMD:C_0603_1608Metric_Pad1.08x0.95mm_HandSolder",""
"C6,C7,C15","3","10uF","","","","Capacitor_SMD:C_0603_1608Metric_Pad1.08x0.95mm_HandSolder",""
"C8,C9,C10,C14","4","1uF","","","","Capacitor_SMD:C_0402_1005Metric_Pad0.74x0.62mm_HandSolder",""
"C11,C12,C13","3","0.1uF","","","","Capacitor_SMD:C_0402_1005Metric_Pad0.74x0.62mm_HandSolder",""
"J1","1","USB_C_Receptacle_USB2.0_16P","","","","Connector_USB:USB_C_Receptacle_GCT_USB4085","https://www.usb.org/sites/default/files/documents/usb_type-c.zip"
"J2","1","U.FL","","","","PCM_JLCPCB:IPEX-SMD_BWIPX-1-001E","https://wmsc.lcsc.com/wmsc/upload/file/pdf/v2/lcsc/2208151830_BAT-WIRELESS-BWU-FL-IPEX1_C5137195.pdf"
"J3","1","Conn_01x02","","","","Connector_JST:JST_GH_SM02B-GHS-TB_1x02-1MP_P1.25mm_Horizontal",""
"J4","1","Conn_01x08","","","","Connector_JST:JST_GH_SM08B-GHS-TB_1x08-1MP_P1.25mm_Horizontal",""
"L1","1","1uH","","","","Inductor_SMD:L_APV_ANR4030",""
"Q1,Q2","2","BSS138BKW","","","","PCM_Package_TO_SOT_SMD_AKL:SOT-323_SC-70","https://www.tme.eu/Document/21ce72eb8a00ef09b539a665e01fcb3d/BSS138BKW.pdf"
"R1,R2","2","5.1k","","","","Resistor_SMD:R_0402_1005Metric_Pad0.72x0.64mm_HandSolder",""
"R3","1","0.5R","","","","Resistor_SMD:R_0402_1005Metric_Pad0.72x0.64mm_HandSolder",""
"R4,R5,R6,R7,R9,R10,R11","7","10k","","","","Resistor_SMD:R_0402_1005Metric_Pad0.72x0.64mm_HandSolder",""
"R8","1","2R","","","","Resistor_SMD:R_0402_1005Metric_Pad0.72x0.64mm_HandSolder",""
"R12","1","1k","","","","Resistor_SMD:R_0402_1005Metric_Pad0.72x0.64mm_HandSolder",""
"SW1","1","SW_Push","","","","Button_Switch_SMD:SW_SPST_B3U-1000P",""
"U1","1","ESP32-S3-WROOM-1(N16R8)","","","","lcsc_shared_footprints:C2913202_WIRELM-SMD_ESP32-S3-WROOM-1","https://www.lcsc.com/datasheet/lcsc_datasheet_2411121101_Espressif-Systems-ESP32-S3-WROOM-1-N16R8_C2913202.pdf"
"U2","1","NEO-6M-0-001_C32413118","","","","lcsc_shared_footprints:C32413118_SMD","None"
"U5","1","AP2112K-3.3TRG1","","","","lcsc_shared_footprints:C51118_SOT-25-5_L2_9-W1_6-P0_95-LS2_8-BL","https://www.lcsc.com/datasheet/lcsc_datasheet_2304140030_Diodes-Incorporated-AP2112K-3-3TRG1_C51118.pdf"
"U6","1","IP5306-I2C","","","","lcsc_shared_footprints:C488349_ESOP-8_L4_9-W3_9-P1_27-LS6_0-BL-EP2_0","https://www.lcsc.com/datasheet/lcsc_datasheet_2310171526_INJOINIC-IP5306-I2C_C488349.pdf"
